subject,rt,question,item,modality
0,446.2011776157547,0,0,word
0,376.798598365286,0,1,word
0,396.0777466114584,0,2,word
0,307.70928099546325,0,3,word
0,378.46646457340995,0,4,word
0,395.41181756656954,0,5,word
0,411.71529257104436,1,0,word
0,370.7713178847314,1,1,word
0,376.0755848397608,1,2,word
0,369.31922638850625,1,3,word
0,367.88114138458957,1,4,word
0,284.59312310423434,1,5,word
0,266.59319848396814,2,0,word
0,359.1754218280603,2,1,word
0,328.6259040314454,2,2,word
0,312.1428068542402,2,3,word
0,290.7668473621861,2,4,word
0,320.40315168826623,2,5,word
0,273.18661145334255,3,0,word
0,241.42810380029528,3,1,word
0,301.3267542892347,3,2,word
0,347.3272347871721,3,3,word
0,325.8225760144137,3,4,word
0,371.12901584323066,3,5,word
1,467.49288922553103,0,0,word
1,452.1624732082247,0,1,word
1,516.2946110982895,0,2,word
1,506.53915232038094,0,3,word
1,445.01579833653545,0,4,word
1,394.7678703467037,0,5,word
1,371.5522887847319,1,0,word
1,408.8478064832999,1,1,word
1,398.579794214885,1,2,word
1,499.80847989154006,1,3,word
1,332.913655950276,1,4,word
1,413.70747405304695,1,5,word
1,296.6090390275958,2,0,word
1,355.7604568431601,2,1,word
1,369.03360504210815,2,2,word
1,329.6755146768123,2,3,word
1,376.4444340815834,2,4,word
1,339.98901637219285,2,5,word
1,373.95058275969905,3,0,word
1,362.025927126562,3,1,word
1,415.4615778340867,3,2,word
1,389.84543658281996,3,3,word
1,461.58234488664715,3,4,word
1,446.4216072387268,3,5,word
2,456.17808532008866,0,0,word
2,320.51727263655744,0,1,word
2,354.2729393395279,0,2,word
2,477.80188358105113,0,3,word
2,404.7074269653069,0,4,word
2,440.2315428254743,0,5,word
2,363.9655849415735,1,0,word
2,421.383686467372,1,1,word
2,443.38885214628505,1,2,word
2,335.00796796227894,1,3,word
2,354.8107836671829,1,4,word
2,312.3029342749742,1,5,word
2,340.1597205329983,2,0,word
2,245.22533390006862,2,1,word
2,310.18527019662776,2,2,word
2,354.4699122681999,2,3,word
2,431.39400167530783,2,4,word
2,346.91027205593235,2,5,word
2,424.1335920403059,3,0,word
2,374.4472970695481,3,1,word
2,376.9515254108105,3,2,word
2,350.9432100529001,3,3,word
2,342.32584829637807,3,4,word
2,420.2082625186946,3,5,word
3,393.54487622370556,0,0,word
3,391.625975826685,0,1,word
3,344.40239556090387,0,2,word
3,357.55907201103537,0,3,word
3,478.18568273141017,0,4,word
3,371.43606706104345,0,5,word
3,408.11956156205713,1,0,word
3,315.7985730157532,1,1,word
3,381.88836715987134,1,2,word
3,356.30093852473783,1,3,word
3,321.6255033153004,1,4,word
3,374.2393035096813,1,5,word
3,197.63896313783346,2,0,word
3,303.54223002851563,2,1,word
3,314.15631967803944,2,2,word
3,288.46481798809185,2,3,word
3,340.3573434076501,2,4,word
3,271.4061358477788,2,5,word
3,300.35419934989943,3,0,word
3,325.5631350378572,3,1,word
3,351.1964712184659,3,2,word
3,336.30318430508146,3,3,word
3,296.4805048493272,3,4,word
3,258.04976632352486,3,5,word
4,435.81595523825973,0,0,word
4,363.1634287272869,0,1,word
4,361.7282240429306,0,2,word
4,369.9098336388092,0,3,word
4,405.5274327787931,0,4,word
4,362.8271692264187,0,5,word
4,312.8575906016924,1,0,word
4,336.6998952180547,1,1,word
4,360.47540191789875,1,2,word
4,392.3562158481976,1,3,word
4,373.00533797913096,1,4,word
4,315.61888767850013,1,5,word
4,314.07509901949675,2,0,word
4,318.7797685107439,2,1,word
4,279.8938329202163,2,2,word
4,262.82968949954574,2,3,word
4,262.8104847378249,2,4,word
4,276.05137659866625,2,5,word
4,446.3540942627376,3,0,word
4,291.18837200141655,3,1,word
4,348.9419507998879,3,2,word
4,299.93686262229795,3,3,word
4,310.3428366516779,3,4,word
4,300.3351704711238,3,5,word
5,509.60321540824316,0,0,word
5,488.49848754007985,0,1,word
5,463.0759060558743,0,2,word
5,494.689843445403,0,3,word
5,506.71638087660654,0,4,word
5,427.00734379283927,0,5,word
5,463.90571677206606,1,0,word
5,400.66151189183387,1,1,word
5,478.43985747259063,1,2,word
5,473.5530200822422,1,3,word
5,456.7282486477534,1,4,word
5,426.04677905171275,1,5,word
5,343.23763295685956,2,0,word
5,356.36166117925984,2,1,word
5,408.0008343155911,2,2,word
5,335.42654382953054,2,3,word
5,372.0266581114317,2,4,word
5,282.1616376468261,2,5,word
5,415.56182903912963,3,0,word
5,350.766675241867,3,1,word
5,336.6362595211619,3,2,word
5,428.4788402099466,3,3,word
5,413.05997261960505,3,4,word
5,380.37422163051417,3,5,word
6,332.0948389097424,0,0,word
6,460.7513110710425,0,1,word
6,337.4924080470595,0,2,word
6,337.1388212843283,0,3,word
6,379.81488665594503,0,4,word
6,351.5602395616255,0,5,word
6,363.57104518608645,1,0,word
6,328.0720627923149,1,1,word
6,352.2540798251269,1,2,word
6,336.36614334744945,1,3,word
6,346.46481093938985,1,4,word
6,312.06697420589893,1,5,word
6,258.326011561663,2,0,word
6,233.64784803817827,2,1,word
6,277.4080980675248,2,2,word
6,179.89768846994048,2,3,word
6,283.5064371926106,2,4,word
6,297.1008902093182,2,5,word
6,317.2877115939438,3,0,word
6,274.99473672237707,3,1,word
6,305.461083253556,3,2,word
6,241.37068930101987,3,3,word
6,322.0547333932599,3,4,word
6,225.2388581686227,3,5,word
7,436.81917719679114,0,0,word
7,433.7654908649841,0,1,word
7,427.46901294749944,0,2,word
7,384.77843892195165,0,3,word
7,445.14093278269183,0,4,word
7,315.26937800613257,0,5,word
7,412.9937117527126,1,0,word
7,383.7045166109604,1,1,word
7,426.68055476140734,1,2,word
7,384.135070380142,1,3,word
7,466.04212847230025,1,4,word
7,327.04165446190734,1,5,word
7,337.60298705939306,2,0,word
7,262.8323966765286,2,1,word
7,300.8133121116034,2,2,word
7,344.2512505164484,2,3,word
7,338.4041374448397,2,4,word
7,411.10955515219854,2,5,word
7,322.5622844661397,3,0,word
7,404.43268834162376,3,1,word
7,327.41761177780506,3,2,word
7,305.0876167200797,3,3,word
7,258.98494306346345,3,4,word
7,348.26615242942216,3,5,word
8,431.9128074803596,0,0,word
8,500.3539562526112,0,1,word
8,431.5580500144444,0,2,word
8,434.1480098820688,0,3,word
8,475.71085158271296,0,4,word
8,544.0388776681357,0,5,word
8,370.5455937143586,1,0,word
8,475.8587279977658,1,1,word
8,468.6833527509345,1,2,word
8,413.9307892427443,1,3,word
8,458.748902012083,1,4,word
8,410.76426644479216,1,5,word
8,476.54751046242853,2,0,word
8,352.3733231734121,2,1,word
8,361.9987924387992,2,2,word
8,341.68850730362476,2,3,word
8,273.3053853855891,2,4,word
8,344.82041876725657,2,5,word
8,402.5799363381114,3,0,word
8,466.0242188440026,3,1,word
8,415.5759441509943,3,2,word
8,381.5089783745312,3,3,word
8,393.9752473985469,3,4,word
8,407.3451060815809,3,5,word
9,375.04948500310024,0,0,word
9,428.10963877219,0,1,word
9,475.252195836381,0,2,word
9,375.8403510072701,0,3,word
9,454.37430122456504,0,4,word
9,437.814103143613,0,5,word
9,387.86003098474015,1,0,word
9,366.59406885989017,1,1,word
9,377.8869814811825,1,2,word
9,350.1281292384565,1,3,word
9,452.8412131183768,1,4,word
9,325.07763014427377,1,5,word
9,350.74502264634367,2,0,word
9,371.4838739953277,2,1,word
9,277.84107129091194,2,2,word
9,352.2901358966524,2,3,word
9,301.1968552435975,2,4,word
9,297.1157773638221,2,5,word
9,323.2696032902409,3,0,word
9,246.31123290492587,3,1,word
9,354.3939858446322,3,2,word
9,399.17537614963425,3,3,word
9,291.76176680081664,3,4,word
9,369.3647208359989,3,5,word
10,395.37314583665227,0,0,word
10,344.99895170246765,0,1,word
10,449.52791373732754,0,2,word
10,483.93525701615056,0,3,word
10,359.92079750785786,0,4,word
10,410.42350022798206,0,5,word
10,294.6466300673708,1,0,word
10,364.5330495227766,1,1,word
10,390.9367355935015,1,2,word
10,454.2788957435114,1,3,word
10,444.5121012576446,1,4,word
10,448.7583325294994,1,5,word
10,273.2788183577362,2,0,word
10,287.37516202638756,2,1,word
10,216.4181442052415,2,2,word
10,263.87564003038943,2,3,word
10,227.04195535908298,2,4,word
10,317.91026028320044,2,5,word
10,297.78391521177616,3,0,word
10,277.5623019605897,3,1,word
10,314.8626936563043,3,2,word
10,273.3895676548662,3,3,word
10,348.08425644071997,3,4,word
10,346.85579015251017,3,5,word
11,401.3731014290063,0,0,word
11,380.62495691122194,0,1,word
11,350.18666218961494,0,2,word
11,444.9265611942953,0,3,word
11,428.5947679286651,0,4,word
11,440.3745041380154,0,5,word
11,368.8369618842609,1,0,word
11,373.26255565282315,1,1,word
11,456.2586883707084,1,2,word
11,354.1294876569464,1,3,word
11,368.52652980398904,1,4,word
11,421.3533350751507,1,5,word
11,332.30429575967474,2,0,word
11,214.82762057856831,2,1,word
11,232.76439443030986,2,2,word
11,284.11716760138853,2,3,word
11,362.6737141541616,2,4,word
11,350.7423848160274,2,5,word
11,376.13489896939257,3,0,word
11,381.5459357486844,3,1,word
11,301.71149320076717,3,2,word
11,380.211085594421,3,3,word
11,304.09454609576613,3,4,word
11,397.5236910204985,3,5,word
12,439.213432073025,0,0,word
12,478.82299268906263,0,1,word
12,371.0167685977778,0,2,word
12,397.2972431734594,0,3,word
12,519.2755606781076,0,4,word
12,499.3288822930742,0,5,word
12,370.8448501176887,1,0,word
12,496.02127490442865,1,1,word
12,377.20246734282154,1,2,word
12,432.7397439789453,1,3,word
12,407.73665769042105,1,4,word
12,385.5709289526726,1,5,word
12,423.13871686065755,2,0,word
12,448.9907635649421,2,1,word
12,373.65539963861147,2,2,word
12,441.04163462686205,2,3,word
12,350.68093612425884,2,4,word
12,370.1571187028464,2,5,word
12,404.31615160345956,3,0,word
12,339.90624435254256,3,1,word
12,422.7145334068552,3,2,word
12,433.2263457918471,3,3,word
12,389.06800705166233,3,4,word
12,313.1541303780865,3,5,word
13,419.2182148180143,0,0,word
13,325.0822643919463,0,1,word
13,360.2694484176719,0,2,word
13,407.4040047219762,0,3,word
13,362.3498168832728,0,4,word
13,413.5167726267192,0,5,word
13,356.5224273546365,1,0,word
13,286.30811456240775,1,1,word
13,376.231518153386,1,2,word
13,397.1619241137875,1,3,word
13,418.4529522400545,1,4,word
13,349.5045363611132,1,5,word
13,297.75875616270014,2,0,word
13,226.07750663247043,2,1,word
13,399.077410366425,2,2,word
13,376.08334956694466,2,3,word
13,299.24123921878294,2,4,word
13,294.59085146721276,2,5,word
13,187.32179788106166,3,0,word
13,385.5960682450979,3,1,word
13,361.97599915732485,3,2,word
13,374.47353362430385,3,3,word
13,313.57053233448914,3,4,word
13,310.36149884629214,3,5,word
14,344.9096089196014,0,0,word
14,445.5810277198681,0,1,word
14,469.28823514554125,0,2,word
14,462.8746850487704,0,3,word
14,416.0434200110357,0,4,word
14,390.3479561022417,0,5,word
14,321.0820200423129,1,0,word
14,338.5930152290753,1,1,word
14,397.05806489236915,1,2,word
14,359.45287244057437,1,3,word
14,455.750750447394,1,4,word
14,431.2983427518344,1,5,word
14,276.5900846048102,2,0,word
14,245.8974379938679,2,1,word
14,279.2596240720597,2,2,word
14,359.9496885324428,2,3,word
14,280.4844208045321,2,4,word
14,333.9799404689431,2,5,word
14,311.38653524925945,3,0,word
14,356.8387490617903,3,1,word
14,366.08763987826705,3,2,word
14,388.97220348984536,3,3,word
14,411.34254773960555,3,4,word
14,405.1919879510148,3,5,word
15,380.46088627280596,0,0,word
15,399.61852492424237,0,1,word
15,348.29320697102713,0,2,word
15,395.18519735472114,0,3,word
15,408.1853189746741,0,4,word
15,386.7714649849729,0,5,word
15,348.79023330896916,1,0,word
15,425.5734706190675,1,1,word
15,419.343608985982,1,2,word
15,393.92556412404673,1,3,word
15,310.09393155329684,1,4,word
15,384.01600670645615,1,5,word
15,287.75788318444427,2,0,word
15,372.755834771299,2,1,word
15,216.85492439777647,2,2,word
15,279.02827716646215,2,3,word
15,277.63694631876615,2,4,word
15,283.64076013344936,2,5,word
15,387.8483991563014,3,0,word
15,222.3515411726019,3,1,word
15,329.56685291995046,3,2,word
15,382.50549543731773,3,3,word
15,388.97533703186247,3,4,word
15,312.5155687044412,3,5,word
16,452.1889950146593,0,0,word
16,503.48858115539906,0,1,word
16,493.7297369942997,0,2,word
16,489.6480582331265,0,3,word
16,296.1089926387141,0,4,word
16,429.819292236607,0,5,word
16,410.01674933933833,1,0,word
16,485.32839557971545,1,1,word
16,381.1399172483101,1,2,word
16,400.8465244387412,1,3,word
16,445.4587021851436,1,4,word
16,388.79814364277104,1,5,word
16,418.320597740812,2,0,word
16,366.60771849133334,2,1,word
16,477.8231990964795,2,2,word
16,354.6919666288193,2,3,word
16,357.3637423234355,2,4,word
16,426.39981694522913,2,5,word
16,386.4110561484397,3,0,word
16,494.7563185038723,3,1,word
16,443.3236495953766,3,2,word
16,403.98390550957305,3,3,word
16,411.13800262790977,3,4,word
16,561.7132893376431,3,5,word
17,510.0363006191111,0,0,word
17,493.127433466285,0,1,word
17,478.9747449100442,0,2,word
17,537.4616843032268,0,3,word
17,409.6872669792501,0,4,word
17,476.5441815208724,0,5,word
17,310.92070986853844,1,0,word
17,425.9332013736302,1,1,word
17,494.99992331474823,1,2,word
17,521.7151246119744,1,3,word
17,482.9020945782155,1,4,word
17,484.60201224410065,1,5,word
17,299.808508171482,2,0,word
17,351.6848920994669,2,1,word
17,459.3238334648197,2,2,word
17,359.410582145007,2,3,word
17,378.80446256455775,2,4,word
17,345.32548335132947,2,5,word
17,371.91600839470135,3,0,word
17,395.09012134522834,3,1,word
17,385.5507843728561,3,2,word
17,466.47867246005563,3,3,word
17,429.37206256367824,3,4,word
17,469.5477739913894,3,5,word
18,380.7597417700116,0,0,word
18,511.39427434656915,0,1,word
18,451.19442813861156,0,2,word
18,542.0890361426635,0,3,word
18,447.48281001833385,0,4,word
18,375.4515262032203,0,5,word
18,481.3326483300582,1,0,word
18,410.2972050301897,1,1,word
18,309.51586295302184,1,2,word
18,424.3813510048515,1,3,word
18,428.6830232292723,1,4,word
18,470.92725410279724,1,5,word
18,170.74692537564343,2,0,word
18,407.56509069193106,2,1,word
18,326.39177919926794,2,2,word
18,446.4340123324093,2,3,word
18,264.20756689433335,2,4,word
18,377.38856203240226,2,5,word
18,403.70755847412966,3,0,word
18,362.015880423337,3,1,word
18,344.4313216809324,3,2,word
18,364.43436555081115,3,3,word
18,365.7856024082442,3,4,word
18,320.4497166144819,3,5,word
19,481.2352004778079,0,0,word
19,376.9755746536408,0,1,word
19,482.745140864246,0,2,word
19,342.1388637126995,0,3,word
19,422.72610296565193,0,4,word
19,423.4702653234558,0,5,word
19,397.79587337806777,1,0,word
19,446.40038595921106,1,1,word
19,388.4682309773577,1,2,word
19,375.6891214610607,1,3,word
19,388.6192127322095,1,4,word
19,447.6359347537331,1,5,word
19,271.305244568511,2,0,word
19,280.55216698492256,2,1,word
19,233.75067935408163,2,2,word
19,432.9480267695659,2,3,word
19,273.59835556112296,2,4,word
19,237.31400918165903,2,5,word
19,324.1406350429749,3,0,word
19,333.96282957265294,3,1,word
19,437.8583920372658,3,2,word
19,341.34063069648056,3,3,word
19,379.1740560107145,3,4,word
19,275.0466017389842,3,5,word
20,452.5202318659709,0,0,word
20,359.68124504092503,0,1,word
20,426.44130483524424,0,2,word
20,404.12750822774063,0,3,word
20,445.0346321352087,0,4,word
20,473.84149258381876,0,5,word
20,342.326259736981,1,0,word
20,352.30013586576604,1,1,word
20,418.80050757411635,1,2,word
20,443.48534281701194,1,3,word
20,479.98981703162707,1,4,word
20,385.5264707592532,1,5,word
20,267.5471235313425,2,0,word
20,351.45234325491657,2,1,word
20,302.3888713824894,2,2,word
20,295.90004739856323,2,3,word
20,412.52991099515157,2,4,word
20,373.05689778124344,2,5,word
20,338.7171640630706,3,0,word
20,374.1854805098044,3,1,word
20,370.83720787084184,3,2,word
20,383.3758381685768,3,3,word
20,354.82407660899196,3,4,word
20,280.11793089503493,3,5,word
21,415.9044520942443,0,0,word
21,438.12213158178434,0,1,word
21,466.1275491578352,0,2,word
21,410.6072427355164,0,3,word
21,474.036207739228,0,4,word
21,445.65838778532003,0,5,word
21,393.7482057500326,1,0,word
21,368.20815464630266,1,1,word
21,454.04653166409634,1,2,word
21,452.93413013567294,1,3,word
21,471.733004933973,1,4,word
21,459.1863721260373,1,5,word
21,395.92868358424937,2,0,word
21,383.82589182753054,2,1,word
21,276.801476914501,2,2,word
21,350.7660168722063,2,3,word
21,293.10283775667904,2,4,word
21,433.1825646191756,2,5,word
21,397.0212746092031,3,0,word
21,461.2097531187835,3,1,word
21,346.2058462553247,3,2,word
21,393.12850004988974,3,3,word
21,410.8906733299686,3,4,word
21,381.1768535643483,3,5,word
22,401.3144539354243,0,0,word
22,466.0331567833473,0,1,word
22,340.32931279796315,0,2,word
22,260.0288595835093,0,3,word
22,471.95619091459434,0,4,word
22,352.3418721160002,0,5,word
22,415.04996875905755,1,0,word
22,391.5206489614695,1,1,word
22,348.09064404629214,1,2,word
22,377.942223430146,1,3,word
22,301.8982707297536,1,4,word
22,363.2198416675677,1,5,word
22,321.6269941871974,2,0,word
22,253.20834763110187,2,1,word
22,272.9104290923442,2,2,word
22,307.5546599354944,2,3,word
22,358.08866943065925,2,4,word
22,291.7672419542895,2,5,word
22,303.39199171747975,3,0,word
22,317.60419522120566,3,1,word
22,382.9337812981972,3,2,word
22,292.84936715635547,3,3,word
22,309.913364092635,3,4,word
22,293.3119450361855,3,5,word
23,445.05904460460096,0,0,word
23,465.9596514603516,0,1,word
23,506.968781419519,0,2,word
23,349.0461071062683,0,3,word
23,483.0493171315649,0,4,word
23,410.6953772234557,0,5,word
23,451.9283715999788,1,0,word
23,484.2566208085234,1,1,word
23,472.0546219434544,1,2,word
23,430.1728103514095,1,3,word
23,463.99981804141646,1,4,word
23,375.1056745239291,1,5,word
23,351.88336705355965,2,0,word
23,431.24842617751244,2,1,word
23,315.8120948546452,2,2,word
23,365.1383295954336,2,3,word
23,336.8161027295731,2,4,word
23,345.5194478328337,2,5,word
23,408.5784311007887,3,0,word
23,374.79892608279283,3,1,word
23,388.1044140165566,3,2,word
23,363.04570786284006,3,3,word
23,297.0234550849167,3,4,word
23,397.9295777549007,3,5,word
24,404.3570818000914,0,0,word
24,451.49225317773215,0,1,word
24,375.79030681067775,0,2,word
24,312.64815339706115,0,3,word
24,344.6831702638675,0,4,word
24,409.4031972344912,0,5,word
24,345.15710443587585,1,0,word
24,363.34812417546783,1,1,word
24,331.7295730431439,1,2,word
24,442.8740256715882,1,3,word
24,435.78298053160427,1,4,word
24,302.8037986948652,1,5,word
24,327.8351296230722,2,0,word
24,297.586699458269,2,1,word
24,283.0615562320132,2,2,word
24,239.3991805003206,2,3,word
24,363.46011163991204,2,4,word
24,340.6464970258159,2,5,word
24,242.52857733657282,3,0,word
24,384.5581453804956,3,1,word
24,313.4646664499104,3,2,word
24,285.49405126538767,3,3,word
24,266.55469173864134,3,4,word
24,362.6245955605664,3,5,word
25,420.862230998173,0,0,word
25,357.16013891297814,0,1,word
25,360.3125655098501,0,2,word
25,381.4912997457177,0,3,word
25,375.2421526443785,0,4,word
25,427.256470534029,0,5,word
25,386.80430458058817,1,0,word
25,336.0849597833739,1,1,word
25,284.9919836876515,1,2,word
25,301.1674915839098,1,3,word
25,411.37023036792016,1,4,word
25,318.1269312493491,1,5,word
25,306.4242148699274,2,0,word
25,212.70957823629277,2,1,word
25,320.7204467095479,2,2,word
25,396.84377520494866,2,3,word
25,234.4640933762934,2,4,word
25,328.3523183821338,2,5,word
25,347.4905515821281,3,0,word
25,379.76165223410476,3,1,word
25,327.30543895961455,3,2,word
25,347.5087020296609,3,3,word
25,342.9661613338711,3,4,word
25,362.50959587493566,3,5,word
26,405.25752062282675,0,0,word
26,456.83559394323373,0,1,word
26,487.7294357482353,0,2,word
26,505.6126854452396,0,3,word
26,471.9996016501928,0,4,word
26,390.6153291759449,0,5,word
26,336.53424709800555,1,0,word
26,434.64443391603953,1,1,word
26,363.6309682153637,1,2,word
26,456.4298861783029,1,3,word
26,399.823937695953,1,4,word
26,464.79395304365806,1,5,word
26,453.5039871044485,2,0,word
26,344.0970221144322,2,1,word
26,341.41313655056035,2,2,word
26,397.887803334148,2,3,word
26,400.40840726349364,2,4,word
26,432.29356427964626,2,5,word
26,390.04163683981756,3,0,word
26,348.5698079568928,3,1,word
26,380.59883873671873,3,2,word
26,349.03169621802084,3,3,word
26,392.2036410454445,3,4,word
26,336.8011714806604,3,5,word
27,422.2399018091346,0,0,word
27,412.014086722618,0,1,word
27,384.0912441891043,0,2,word
27,378.418406331018,0,3,word
27,367.31743308416463,0,4,word
27,442.7523391693026,0,5,word
27,403.51045312770157,1,0,word
27,351.42542172210983,1,1,word
27,301.30708513792115,1,2,word
27,285.29716303374033,1,3,word
27,358.52061464510774,1,4,word
27,312.2364821224012,1,5,word
27,300.93627261202704,2,0,word
27,257.8048021247329,2,1,word
27,315.8272969551515,2,2,word
27,287.51034121716447,2,3,word
27,327.0422320908086,2,4,word
27,165.44431637850633,2,5,word
27,298.78706670197766,3,0,word
27,420.9789856565627,3,1,word
27,184.98152840637405,3,2,word
27,352.272189857479,3,3,word
27,331.039766031668,3,4,word
27,374.4246317106827,3,5,word
28,407.1183486180586,0,0,word
28,475.315660346984,0,1,word
28,476.6432286012789,0,2,word
28,425.6369430294122,0,3,word
28,357.59734447586584,0,4,word
28,461.448165098434,0,5,word
28,334.1260886300815,1,0,word
28,375.92910986611935,1,1,word
28,430.14335060246634,1,2,word
28,437.40132371887495,1,3,word
28,365.39998973409126,1,4,word
28,414.147085213029,1,5,word
28,238.67110770006644,2,0,word
28,292.1788933308695,2,1,word
28,389.2438831905289,2,2,word
28,382.9673407866455,2,3,word
28,349.25863021512936,2,4,word
28,308.7062141039131,2,5,word
28,391.1609542266488,3,0,word
28,347.63652879245063,3,1,word
28,357.20936876900987,3,2,word
28,353.2170838146455,3,3,word
28,310.0219230912501,3,4,word
28,385.0941789603088,3,5,word
29,340.649990095454,0,0,word
29,432.93959583369735,0,1,word
29,346.1172295956135,0,2,word
29,358.04356732933513,0,3,word
29,252.10498533404564,0,4,word
29,386.34318053712457,0,5,word
29,370.6068018706773,1,0,word
29,402.50097852688276,1,1,word
29,426.6911536091434,1,2,word
29,286.63668173273777,1,3,word
29,410.3887274782042,1,4,word
29,337.94564044420156,1,5,word
29,290.54434821382785,2,0,word
29,288.8839353455883,2,1,word
29,271.67161958322475,2,2,word
29,249.65180028006273,2,3,word
29,308.1081888849088,2,4,word
29,334.70460535701693,2,5,word
29,264.15876748620974,3,0,word
29,326.1744153055433,3,1,word
29,295.69674038987426,3,2,word
29,381.9434420151387,3,3,word
29,351.8263304714434,3,4,word
29,402.5826088454772,3,5,word
30,334.89316881162534,0,0,word
30,464.0412489021401,0,1,word
30,420.46468940851076,0,2,word
30,376.0727463943187,0,3,word
30,436.7915935620173,0,4,word
30,490.63308252545835,0,5,word
30,459.5621251177279,1,0,word
30,420.4423290969124,1,1,word
30,329.7511845930382,1,2,word
30,394.8245915552088,1,3,word
30,396.45254768808144,1,4,word
30,441.43225001626354,1,5,word
30,304.08765993308833,2,0,word
30,313.11000803487605,2,1,word
30,279.6559842375276,2,2,word
30,345.7357849159346,2,3,word
30,301.56089442638955,2,4,word
30,321.6303483218615,2,5,word
30,321.8539182398875,3,0,word
30,347.693399570703,3,1,word
30,291.31076863523236,3,2,word
30,353.3758772253545,3,3,word
30,315.2026576726997,3,4,word
30,380.2978466054942,3,5,word
31,428.4149977614046,0,0,word
31,378.327388942252,0,1,word
31,280.0462011444975,0,2,word
31,318.0774910412531,0,3,word
31,255.55757263030495,0,4,word
31,336.72082993077714,0,5,word
31,214.33114936681454,1,0,word
31,242.97346155095568,1,1,word
31,357.85516635312916,1,2,word
31,346.09416955849485,1,3,word
31,227.0239706378523,1,4,word
31,280.67031864392413,1,5,word
31,259.2166895823985,2,0,word
31,255.66698973671294,2,1,word
31,154.68396697575912,2,2,word
31,249.04281094437033,2,3,word
31,205.64969529494985,2,4,word
31,295.9757220834739,2,5,word
31,259.0333382036264,3,0,word
31,287.00670035729183,3,1,word
31,263.5862964621229,3,2,word
31,302.36454985208724,3,3,word
31,230.63885578569253,3,4,word
31,302.45499157012705,3,5,word
32,427.3021478650734,0,0,word
32,458.63203926004377,0,1,word
32,446.0434874125616,0,2,word
32,340.0479151805142,0,3,word
32,395.71149303813365,0,4,word
32,407.22886874728647,0,5,word
32,363.3562496321725,1,0,word
32,371.527930234099,1,1,word
32,355.05118754435426,1,2,word
32,306.5912364763096,1,3,word
32,344.2095345362261,1,4,word
32,376.1933419296978,1,5,word
32,289.934276526243,2,0,word
32,212.03633160587242,2,1,word
32,222.97309302720845,2,2,word
32,246.39192602760363,2,3,word
32,256.61333178748623,2,4,word
32,274.71766828489746,2,5,word
32,250.99928169949308,3,0,word
32,339.6017985700192,3,1,word
32,206.9757906512054,3,2,word
32,326.28909117823287,3,3,word
32,325.1806782457057,3,4,word
32,332.0589395713679,3,5,word
33,245.65430131582917,0,0,word
33,331.53990874125543,0,1,word
33,381.36888209171144,0,2,word
33,407.4177848523055,0,3,word
33,394.9341128577978,0,4,word
33,358.31635296353073,0,5,word
33,430.1558823005411,1,0,word
33,382.20515794153266,1,1,word
33,346.26593702090355,1,2,word
33,316.6251064451144,1,3,word
33,369.4143474579256,1,4,word
33,428.9387050004627,1,5,word
33,300.76267433326075,2,0,word
33,297.4013113034902,2,1,word
33,302.3178026943062,2,2,word
33,305.03447634635864,2,3,word
33,287.34435423033966,2,4,word
33,250.36093269865285,2,5,word
33,408.4543984179198,3,0,word
33,363.8783130750495,3,1,word
33,437.8603527870131,3,2,word
33,356.8814800604395,3,3,word
33,320.4390857868899,3,4,word
33,284.7118489205483,3,5,word
34,431.32408434403925,0,0,word
34,390.1767253653064,0,1,word
34,552.715906757817,0,2,word
34,446.972287477877,0,3,word
34,487.1267033577319,0,4,word
34,495.92230574361747,0,5,word
34,468.8696295759717,1,0,word
34,542.2173621345453,1,1,word
34,410.05327812594146,1,2,word
34,405.7307697429178,1,3,word
34,423.0478875515977,1,4,word
34,452.2509493907633,1,5,word
34,356.7677284185944,2,0,word
34,334.3813095853537,2,1,word
34,312.0270031810093,2,2,word
34,309.10639875656886,2,3,word
34,361.2975071207773,2,4,word
34,297.8799604560029,2,5,word
34,290.12224302451403,3,0,word
34,386.5858494404207,3,1,word
34,438.95536883459494,3,2,word
34,413.9144204844977,3,3,word
34,379.92948092365776,3,4,word
34,400.9739645720666,3,5,word
35,332.4351443682363,0,0,word
35,380.3089212934217,0,1,word
35,498.69436498088453,0,2,word
35,473.9968668960913,0,3,word
35,379.212295964473,0,4,word
35,502.5065424370057,0,5,word
35,345.8963849256154,1,0,word
35,340.6313275927147,1,1,word
35,458.58680792466237,1,2,word
35,447.17793218528146,1,3,word
35,352.3629543861356,1,4,word
35,379.3364882870946,1,5,word
35,297.7059304417074,2,0,word
35,339.9978572715168,2,1,word
35,393.1605254396548,2,2,word
35,341.3986566344412,2,3,word
35,309.09570893684497,2,4,word
35,247.47592905410644,2,5,word
35,386.6890861122115,3,0,word
35,286.6435720688381,3,1,word
35,338.4342760915121,3,2,word
35,395.7027117079067,3,3,word
35,388.3522025237097,3,4,word
35,389.7265932825321,3,5,word
36,455.03143923602397,0,0,word
36,427.3783505460915,0,1,word
36,435.1931086979929,0,2,word
36,424.6888907129261,0,3,word
36,444.21424908802874,0,4,word
36,446.8471995271499,0,5,word
36,393.7518020866694,1,0,word
36,412.77608360010726,1,1,word
36,352.84432605892863,1,2,word
36,371.7375435894601,1,3,word
36,398.61030552808796,1,4,word
36,483.26102660528136,1,5,word
36,346.53491968338574,2,0,word
36,313.34858014039617,2,1,word
36,309.0741843868412,2,2,word
36,357.29365291425125,2,3,word
36,315.2223115097772,2,4,word
36,351.95442675418434,2,5,word
36,378.66558028156476,3,0,word
36,290.7814791169021,3,1,word
36,376.72462861298806,3,2,word
36,376.3665681774427,3,3,word
36,392.91877088217785,3,4,word
36,311.2312080853064,3,5,word
37,495.3521863396694,0,0,word
37,432.30680676855644,0,1,word
37,540.060398001473,0,2,word
37,528.2683290609723,0,3,word
37,410.243671747476,0,4,word
37,372.18575158821807,0,5,word
37,442.50880356186025,1,0,word
37,366.64822965267143,1,1,word
37,465.02205748696196,1,2,word
37,434.13977521342343,1,3,word
37,334.96623177568995,1,4,word
37,446.74989354274345,1,5,word
37,347.50922726110707,2,0,word
37,361.25226252944174,2,1,word
37,416.8490113230091,2,2,word
37,334.15057322996245,2,3,word
37,378.54776790222496,2,4,word
37,310.7272478159611,2,5,word
37,344.95643491906304,3,0,word
37,362.73930564941094,3,1,word
37,342.6276112123147,3,2,word
37,402.0397562499943,3,3,word
37,307.47486804300536,3,4,word
37,415.1240385490139,3,5,word
38,355.53748034514507,0,0,word
38,412.4991379005411,0,1,word
38,334.24224663612125,0,2,word
38,417.50052839764925,0,3,word
38,447.8142845069092,0,4,word
38,394.10246835682574,0,5,word
38,438.0480216486271,1,0,word
38,353.61854211264307,1,1,word
38,381.18229730372263,1,2,word
38,314.3405610548481,1,3,word
38,382.53545485095117,1,4,word
38,332.2069450741412,1,5,word
38,257.5943440302449,2,0,word
38,372.61909010577415,2,1,word
38,230.10286695103653,2,2,word
38,287.8754868508025,2,3,word
38,329.2534229136631,2,4,word
38,305.31745502053985,2,5,word
38,234.24756006437318,3,0,word
38,356.80937319336755,3,1,word
38,257.6639617893639,3,2,word
38,304.45131227744776,3,3,word
38,314.4017770830123,3,4,word
38,180.61244369400052,3,5,word
39,423.2137914724055,0,0,word
39,461.8026895722812,0,1,word
39,420.0045984125301,0,2,word
39,437.7553103842498,0,3,word
39,541.5981624035101,0,4,word
39,484.7808313651369,0,5,word
39,398.47811059981166,1,0,word
39,524.8592611423692,1,1,word
39,363.6902684942621,1,2,word
39,421.4926751172574,1,3,word
39,316.6776245688735,1,4,word
39,415.42521996542916,1,5,word
39,322.9383042436029,2,0,word
39,331.54848305515566,2,1,word
39,347.0328894631509,2,2,word
39,342.5090154638338,2,3,word
39,274.8774576067352,2,4,word
39,309.34156288451885,2,5,word
39,361.8118554133018,3,0,word
39,290.0500391624647,3,1,word
39,401.63729223938344,3,2,word
39,455.6529352017229,3,3,word
39,376.68599644309114,3,4,word
39,335.12316145821285,3,5,word
40,280.7427814021141,0,0,word
40,319.7935916424357,0,1,word
40,412.8004476588021,0,2,word
40,458.9608312979068,0,3,word
40,384.8347860066699,0,4,word
40,321.476941071054,0,5,word
40,319.2877422518755,1,0,word
40,334.2275670791809,1,1,word
40,266.21163627556825,1,2,word
40,347.3106926840304,1,3,word
40,407.4583423757382,1,4,word
40,278.7499086721836,1,5,word
40,267.85700181799814,2,0,word
40,194.6237906848172,2,1,word
40,254.88153729371518,2,2,word
40,288.4368030064689,2,3,word
40,346.899315083506,2,4,word
40,318.6244361371283,2,5,word
40,269.6666193874289,3,0,word
40,333.5380699340393,3,1,word
40,312.1423338912216,3,2,word
40,328.19549805563753,3,3,word
40,318.8642630755487,3,4,word
40,344.50760784548675,3,5,word
41,377.22554700742035,0,0,word
41,411.49158926591116,0,1,word
41,373.99950950987306,0,2,word
41,452.66645070641164,0,3,word
41,394.13122437055057,0,4,word
41,442.0854319067483,0,5,word
41,371.1824163312188,1,0,word
41,301.5306283682862,1,1,word
41,397.3158100305041,1,2,word
41,394.3787715937738,1,3,word
41,191.56698471310102,1,4,word
41,307.7476479178036,1,5,word
41,340.30787052592206,2,0,word
41,320.8893171351529,2,1,word
41,195.14903972043794,2,2,word
41,311.1080059383101,2,3,word
41,354.53166023886024,2,4,word
41,298.5048363283202,2,5,word
41,227.3771063956537,3,0,word
41,261.979148469171,3,1,word
41,321.1951339251183,3,2,word
41,290.3931670166243,3,3,word
41,365.0530489866875,3,4,word
41,337.73235195886707,3,5,word
42,506.43189001437565,0,0,word
42,459.30385179057834,0,1,word
42,435.89987355236315,0,2,word
42,392.5562902456998,0,3,word
42,478.4960943352448,0,4,word
42,408.5479233692945,0,5,word
42,323.978002772038,1,0,word
42,377.6815473622279,1,1,word
42,370.680227270806,1,2,word
42,325.5959967019427,1,3,word
42,416.66493016128055,1,4,word
42,368.2515946496597,1,5,word
42,328.05243732778376,2,0,word
42,269.2275758756907,2,1,word
42,300.0394464278175,2,2,word
42,346.98931430672997,2,3,word
42,295.9315910883746,2,4,word
42,290.00592769221333,2,5,word
42,450.48869130947384,3,0,word
42,357.0827524657567,3,1,word
42,377.9383325816228,3,2,word
42,378.5849027900443,3,3,word
42,346.1211880206415,3,4,word
42,367.65423755487694,3,5,word
43,388.56358579639004,0,0,word
43,509.6246034668949,0,1,word
43,499.56166393103064,0,2,word
43,446.7249043157357,0,3,word
43,437.53196965633765,0,4,word
43,375.23302234982344,0,5,word
43,455.6797244566324,1,0,word
43,391.46233574533306,1,1,word
43,434.7025212867891,1,2,word
43,332.180476170529,1,3,word
43,435.78690669027367,1,4,word
43,395.45162314039476,1,5,word
43,337.8095694663861,2,0,word
43,266.3235875711881,2,1,word
43,371.167390714817,2,2,word
43,306.5879082662923,2,3,word
43,334.86361314781675,2,4,word
43,377.42322594268984,2,5,word
43,365.9307331745398,3,0,word
43,469.5263239838085,3,1,word
43,325.27402261061195,3,2,word
43,382.23846327983324,3,3,word
43,390.8803340461188,3,4,word
43,319.26553685630836,3,5,word
44,434.52812191085354,0,0,word
44,420.41358367561196,0,1,word
44,441.44839282729924,0,2,word
44,452.84007050102446,0,3,word
44,500.0702131280206,0,4,word
44,444.5663629915637,0,5,word
44,424.51112810115086,1,0,word
44,472.12346987511864,1,1,word
44,317.94448468710783,1,2,word
44,384.0978304865561,1,3,word
44,399.06626470706766,1,4,word
44,319.37965449910365,1,5,word
44,333.9916950540894,2,0,word
44,212.36737589329005,2,1,word
44,365.4345577625328,2,2,word
44,256.2433997420359,2,3,word
44,267.59842452115134,2,4,word
44,356.3748891912969,2,5,word
44,279.77900415095877,3,0,word
44,465.84668525818506,3,1,word
44,368.9878098156233,3,2,word
44,358.30301746805065,3,3,word
44,423.3173141331599,3,4,word
44,359.1722295755813,3,5,word
45,431.67664470716886,0,0,word
45,411.8500761294424,0,1,word
45,394.5542300178527,0,2,word
45,438.20446042011156,0,3,word
45,445.89648787198905,0,4,word
45,355.98817290184957,0,5,word
45,342.5864364243233,1,0,word
45,353.6743325408343,1,1,word
45,385.16567441088057,1,2,word
45,403.92811603974764,1,3,word
45,494.44936740790223,1,4,word
45,400.39709272723906,1,5,word
45,310.92790109562384,2,0,word
45,283.9010464350946,2,1,word
45,368.9092134510935,2,2,word
45,319.0499616044522,2,3,word
45,336.73281357323617,2,4,word
45,319.6111269352612,2,5,word
45,380.1739522930593,3,0,word
45,376.5800854502355,3,1,word
45,371.3372204192847,3,2,word
45,352.83673948026086,3,3,word
45,357.3165247729861,3,4,word
45,371.7610631152711,3,5,word
46,395.5611487320196,0,0,word
46,490.06732653719325,0,1,word
46,540.8104316313295,0,2,word
46,467.7552324110795,0,3,word
46,387.26500804048214,0,4,word
46,422.51920515859814,0,5,word
46,462.5308348277041,1,0,word
46,422.73297956712054,1,1,word
46,465.4672051974333,1,2,word
46,457.847849605519,1,3,word
46,435.3132529332029,1,4,word
46,413.0210668636247,1,5,word
46,401.5453057172117,2,0,word
46,395.21754274986887,2,1,word
46,385.5764831300006,2,2,word
46,435.39167983098196,2,3,word
46,401.8376798893731,2,4,word
46,361.9693811794941,2,5,word
46,406.8412604744519,3,0,word
46,421.67441054917157,3,1,word
46,430.9304966367989,3,2,word
46,491.59171651592936,3,3,word
46,509.17482002271316,3,4,word
46,401.3236923751896,3,5,word
47,381.4170082156336,0,0,word
47,405.2432891512207,0,1,word
47,453.3936779451552,0,2,word
47,474.02668221872415,0,3,word
47,411.9816219646088,0,4,word
47,386.67853574001595,0,5,word
47,418.50542330087467,1,0,word
47,430.56701092269304,1,1,word
47,451.11955006659383,1,2,word
47,367.50150430358974,1,3,word
47,415.8304885701034,1,4,word
47,317.8023862864349,1,5,word
47,327.1025119016251,2,0,word
47,368.31309012910947,2,1,word
47,406.5733993925443,2,2,word
47,347.4955125028634,2,3,word
47,320.29985767636595,2,4,word
47,262.08931810728797,2,5,word
47,376.8059198224913,3,0,word
47,396.9753107624965,3,1,word
47,416.070652809615,3,2,word
47,377.54795034200583,3,3,word
47,317.6137964672051,3,4,word
47,393.0625568688346,3,5,word
48,533.8560566459497,0,0,word
48,436.24215147708753,0,1,word
48,409.2397767983237,0,2,word
48,432.87823965374247,0,3,word
48,448.7031479720051,0,4,word
48,423.1880037715301,0,5,word
48,451.67872220235057,1,0,word
48,437.898589273192,1,1,word
48,399.64581459995156,1,2,word
48,415.3708180355649,1,3,word
48,339.4087876842103,1,4,word
48,432.4247939535898,1,5,word
48,279.67174800936743,2,0,word
48,335.49550237362143,2,1,word
48,326.2948569916024,2,2,word
48,372.69103021058777,2,3,word
48,327.1549771839713,2,4,word
48,347.01418280062313,2,5,word
48,457.12168186811726,3,0,word
48,303.8904781894614,3,1,word
48,388.017161513821,3,2,word
48,425.57254372267323,3,3,word
48,350.9745703730806,3,4,word
48,383.40820339128163,3,5,word
49,419.07785721489176,0,0,word
49,406.705343336445,0,1,word
49,523.2497512651591,0,2,word
49,470.7871201472226,0,3,word
49,421.5100578197904,0,4,word
49,463.4753526782861,0,5,word
49,484.366020132695,1,0,word
49,481.70588601561667,1,1,word
49,506.5310087629176,1,2,word
49,428.9444575686515,1,3,word
49,422.77247140088053,1,4,word
49,470.6883699660189,1,5,word
49,437.149078238327,2,0,word
49,368.4163720706316,2,1,word
49,435.0538571698489,2,2,word
49,370.4708091428198,2,3,word
49,489.0168972737076,2,4,word
49,301.1606049638343,2,5,word
49,496.8860439989029,3,0,word
49,345.27029007032985,3,1,word
49,481.3029681713792,3,2,word
49,424.4343322944198,3,3,word
49,397.4771548950227,3,4,word
49,374.7057882086845,3,5,word
0,302.72681574292073,0,0,image
0,315.49167139073546,0,1,image
0,454.6166931571297,0,2,image
0,327.52794513893,0,3,image
0,368.9152434161497,0,4,image
0,420.8968803722006,0,5,image
0,378.9664014656417,1,0,image
0,422.1753910000386,1,1,image
0,409.2132887526566,1,2,image
0,387.90071538627,1,3,image
0,295.79564618862355,1,4,image
0,374.17421529064404,1,5,image
0,283.1446816263265,2,0,image
0,201.11780890396034,2,1,image
0,338.2960342248258,2,2,image
0,307.7929086299115,2,3,image
0,269.705585932538,2,4,image
0,255.77647885176248,2,5,image
0,240.5160246659438,3,0,image
0,310.40728557891475,3,1,image
0,323.85303787326535,3,2,image
0,258.8733326888192,3,3,image
0,358.5412843559596,3,4,image
0,245.57092957683142,3,5,image
1,323.7653458953855,0,0,image
1,481.9067179421426,0,1,image
1,409.7520614924022,0,2,image
1,423.6188841318568,0,3,image
1,388.0445272562549,0,4,image
1,349.62222536163745,0,5,image
1,459.6822321337185,1,0,image
1,362.4769142051615,1,1,image
1,479.96798780490457,1,2,image
1,437.285772708044,1,3,image
1,381.1824560616346,1,4,image
1,342.62524334116426,1,5,image
1,293.2972640614847,2,0,image
1,269.2942068427491,2,1,image
1,434.2760313769169,2,2,image
1,338.1424249089988,2,3,image
1,387.4306405248392,2,4,image
1,266.5527609469962,2,5,image
1,371.9721198773578,3,0,image
1,421.8134603379365,3,1,image
1,346.16982530085676,3,2,image
1,414.4760863435947,3,3,image
1,308.69196779721926,3,4,image
1,294.7467861665784,3,5,image
2,427.4593855454666,0,0,image
2,389.5305332129322,0,1,image
2,440.59208940515134,0,2,image
2,309.5949583655373,0,3,image
2,444.1025867150857,0,4,image
2,538.4045513050255,0,5,image
2,374.2580558699858,1,0,image
2,377.1964613870517,1,1,image
2,384.46682917349375,1,2,image
2,282.3905694019704,1,3,image
2,396.79668692607527,1,4,image
2,295.21886774076154,1,5,image
2,287.10537503536955,2,0,image
2,370.6328324217466,2,1,image
2,271.72850713655595,2,2,image
2,333.5518044199298,2,3,image
2,359.1263076393783,2,4,image
2,322.4263977463598,2,5,image
2,272.9419314368294,3,0,image
2,324.86559117398906,3,1,image
2,439.45992206097407,3,2,image
2,240.23706679168623,3,3,image
2,327.70005424825104,3,4,image
2,313.8839513671544,3,5,image
3,360.84852673731416,0,0,image
3,392.22193944181873,0,1,image
3,435.2457069835599,0,2,image
3,341.2995389819993,0,3,image
3,395.42822508129825,0,4,image
3,379.79816582571584,0,5,image
3,345.5285234760472,1,0,image
3,293.61496200613357,1,1,image
3,271.9450851436622,1,2,image
3,266.80900295142237,1,3,image
3,283.98929811250105,1,4,image
3,337.89548737576854,1,5,image
3,292.85862823887373,2,0,image
3,270.984600975302,2,1,image
3,227.3634037726702,2,2,image
3,345.10966407908097,2,3,image
3,330.75443976403426,2,4,image
3,237.11115294494857,2,5,image
3,246.6395882831739,3,0,image
3,294.3219062903557,3,1,image
3,351.1760908351749,3,2,image
3,304.44940744516305,3,3,image
3,315.6385938279594,3,4,image
3,277.20715246867593,3,5,image
4,405.45553720105545,0,0,image
4,459.8692150137508,0,1,image
4,370.65855336705835,0,2,image
4,389.80737906633755,0,3,image
4,395.3328162684253,0,4,image
4,396.82826022949575,0,5,image
4,279.04754863738253,1,0,image
4,255.7985596472492,1,1,image
4,298.65923889485197,1,2,image
4,358.03910721102733,1,3,image
4,377.33480074110446,1,4,image
4,323.1082644522627,1,5,image
4,351.50486658430924,2,0,image
4,275.48319372463453,2,1,image
4,283.65779235267513,2,2,image
4,272.9437989133108,2,3,image
4,289.3433320782772,2,4,image
4,317.86569614312407,2,5,image
4,348.92466433656045,3,0,image
4,270.7208454104644,3,1,image
4,391.82518126487025,3,2,image
4,260.890669569598,3,3,image
4,319.6033431454745,3,4,image
4,301.9221637648263,3,5,image
5,397.0935122469902,0,0,image
5,445.787066714223,0,1,image
5,412.50240744829466,0,2,image
5,453.18845827671714,0,3,image
5,469.6973941738829,0,4,image
5,523.1395645615781,0,5,image
5,431.9123070442853,1,0,image
5,385.9818290976733,1,1,image
5,396.9621055769345,1,2,image
5,423.5420014186427,1,3,image
5,421.2161375860221,1,4,image
5,489.52255952433563,1,5,image
5,419.3107426007623,2,0,image
5,331.5962998008015,2,1,image
5,322.1109897036046,2,2,image
5,221.69036590952163,2,3,image
5,322.09707544680356,2,4,image
5,300.6402108087004,2,5,image
5,364.8018732081736,3,0,image
5,402.1223082304201,3,1,image
5,391.40271257286395,3,2,image
5,381.0446957605374,3,3,image
5,392.52220166734025,3,4,image
5,376.23720745136495,3,5,image
6,337.0505693253816,0,0,image
6,165.6468723022422,0,1,image
6,313.7349482106701,0,2,image
6,321.65708664555746,0,3,image
6,310.1365368878785,0,4,image
6,316.3023095930607,0,5,image
6,329.3651285885443,1,0,image
6,264.2943561311665,1,1,image
6,404.2347276590642,1,2,image
6,328.61446920931223,1,3,image
6,293.8842601525142,1,4,image
6,283.8665075383295,1,5,image
6,222.87350837910103,2,0,image
6,181.43426920100882,2,1,image
6,222.4394957353073,2,2,image
6,241.1337985345605,2,3,image
6,256.17670347686925,2,4,image
6,256.18411165542443,2,5,image
6,246.45574536991109,3,0,image
6,189.39551007211128,3,1,image
6,226.74449138653551,3,2,image
6,340.8092748388272,3,3,image
6,305.0025383687052,3,4,image
6,278.6806020134165,3,5,image
7,349.0679088963085,0,0,image
7,387.3148788830036,0,1,image
7,324.34918685119055,0,2,image
7,359.53577734951097,0,3,image
7,374.8724540500549,0,4,image
7,369.050624541054,0,5,image
7,401.9627176871153,1,0,image
7,283.19632543254204,1,1,image
7,310.86100755855693,1,2,image
7,285.3982225832037,1,3,image
7,292.264960499922,1,4,image
7,360.3354159566471,1,5,image
7,207.11059448150107,2,0,image
7,324.8260600761965,2,1,image
7,274.7918322872609,2,2,image
7,290.5720377606135,2,3,image
7,303.26145803417484,2,4,image
7,265.4242951217351,2,5,image
7,371.7566069219835,3,0,image
7,310.4154847979329,3,1,image
7,349.83613389626817,3,2,image
7,310.1770019964521,3,3,image
7,334.6763405055608,3,4,image
7,334.1157546422127,3,5,image
8,450.47658473394256,0,0,image
8,389.26269528012006,0,1,image
8,459.771876288538,0,2,image
8,422.0302383061862,0,3,image
8,469.5024892856619,0,4,image
8,330.3534155405508,0,5,image
8,331.7222766584185,1,0,image
8,423.15036586791746,1,1,image
8,498.12446701642745,1,2,image
8,446.7310251017278,1,3,image
8,370.855541051167,1,4,image
8,320.37546699226823,1,5,image
8,375.11239881924695,2,0,image
8,333.94892665901847,2,1,image
8,367.5132986558853,2,2,image
8,343.7430238717056,2,3,image
8,339.46023401719077,2,4,image
8,485.9093600558248,2,5,image
8,370.6715897088871,3,0,image
8,363.0158272985028,3,1,image
8,364.90565399096494,3,2,image
8,341.80125192578316,3,3,image
8,420.48473249693166,3,4,image
8,353.29037107209854,3,5,image
9,405.7949232142764,0,0,image
9,388.2279394227248,0,1,image
9,434.9470810386683,0,2,image
9,395.006767781465,0,3,image
9,313.3285488846646,0,4,image
9,307.67339867934993,0,5,image
9,411.416245235892,1,0,image
9,310.5622477688249,1,1,image
9,274.96765894256436,1,2,image
9,307.51685793855904,1,3,image
9,404.2290522804473,1,4,image
9,269.9871379846213,1,5,image
9,230.67302774406647,2,0,image
9,240.65741249222097,2,1,image
9,211.4382942583872,2,2,image
9,214.78142100646375,2,3,image
9,198.09238916886403,2,4,image
9,250.93841727521084,2,5,image
9,289.2523463450427,3,0,image
9,272.87088022188163,3,1,image
9,224.31289598366487,3,2,image
9,369.66458527484673,3,3,image
9,240.54384647343892,3,4,image
9,320.8994735331905,3,5,image
10,325.8950857953946,0,0,image
10,413.0492587884147,0,1,image
10,427.4250332096966,0,2,image
10,335.7527361199556,0,3,image
10,283.44762896648206,0,4,image
10,414.4227814083187,0,5,image
10,440.4234427870201,1,0,image
10,367.41814244596003,1,1,image
10,354.66063652532426,1,2,image
10,387.6214459318478,1,3,image
10,384.8861577511892,1,4,image
10,305.18397376328784,1,5,image
10,246.67584991650597,2,0,image
10,310.1895929541339,2,1,image
10,272.4327480773237,2,2,image
10,345.463695244516,2,3,image
10,244.41630809490044,2,4,image
10,317.16391129476244,2,5,image
10,329.76531451979974,3,0,image
10,306.31153726585666,3,1,image
10,371.4289540430687,3,2,image
10,346.63699209470985,3,3,image
10,262.38505778223316,3,4,image
10,344.6443494723307,3,5,image
11,465.90826250660325,0,0,image
11,390.6364964826621,0,1,image
11,384.7259384126446,0,2,image
11,363.676373549717,0,3,image
11,396.4785366481257,0,4,image
11,431.46876523453875,0,5,image
11,323.2753159529559,1,0,image
11,296.8408528950313,1,1,image
11,345.37123538279695,1,2,image
11,295.1724819989558,1,3,image
11,390.31965299602484,1,4,image
11,342.8242424322032,1,5,image
11,209.38863870435296,2,0,image
11,279.7283551949678,2,1,image
11,287.52798164218876,2,2,image
11,319.61551159987914,2,3,image
11,289.89055377418276,2,4,image
11,390.5950537738837,2,5,image
11,304.2235383549433,3,0,image
11,327.03880350277797,3,1,image
11,325.0132002187597,3,2,image
11,316.0273117115421,3,3,image
11,337.28001018254025,3,4,image
11,357.2202957917769,3,5,image
12,511.7466239605504,0,0,image
12,366.27888241400547,0,1,image
12,419.2245450934226,0,2,image
12,422.35311751611647,0,3,image
12,491.63420365181395,0,4,image
12,426.90853573006143,0,5,image
12,316.9829091297627,1,0,image
12,416.12821197705745,1,1,image
12,410.0572272066817,1,2,image
12,420.7292670722944,1,3,image
12,359.73354473475456,1,4,image
12,497.6934228379538,1,5,image
12,328.5486995944613,2,0,image
12,335.3268458590453,2,1,image
12,299.7412602932706,2,2,image
12,298.1915885899925,2,3,image
12,283.6048407962894,2,4,image
12,325.0761461946708,2,5,image
12,329.862596845897,3,0,image
12,480.56505584498973,3,1,image
12,283.3170697643879,3,2,image
12,321.325161374639,3,3,image
12,357.6709673608779,3,4,image
12,411.4162526886449,3,5,image
13,360.14509603045735,0,0,image
13,414.6311097496093,0,1,image
13,331.49274563494436,0,2,image
13,383.7974967941958,0,3,image
13,468.03499445000216,0,4,image
13,332.44572031448655,0,5,image
13,368.8113238942302,1,0,image
13,358.1793160636235,1,1,image
13,235.25619080006697,1,2,image
13,318.38441277592653,1,3,image
13,404.39053536475996,1,4,image
13,354.58682372369543,1,5,image
13,220.2194919546573,2,0,image
13,315.37180374524263,2,1,image
13,256.87679283374285,2,2,image
13,298.8354765035023,2,3,image
13,299.678945821342,2,4,image
13,224.89816004218181,2,5,image
13,353.3243418361754,3,0,image
13,263.45750003770166,3,1,image
13,248.54364678237846,3,2,image
13,269.69149071335863,3,3,image
13,296.5284384063008,3,4,image
13,319.3030979215236,3,5,image
14,348.0513545919961,0,0,image
14,423.92150683037386,0,1,image
14,399.2537504127978,0,2,image
14,351.94063045534295,0,3,image
14,431.13018709036083,0,4,image
14,444.73395909294226,0,5,image
14,348.7463063701424,1,0,image
14,342.9313889624235,1,1,image
14,264.99197354780046,1,2,image
14,333.30491159104463,1,3,image
14,339.1052055823498,1,4,image
14,365.94951157360265,1,5,image
14,278.25921962909445,2,0,image
14,298.8818881176428,2,1,image
14,363.38505567581126,2,2,image
14,260.18483627893426,2,3,image
14,262.1319270823257,2,4,image
14,221.222275495489,2,5,image
14,319.24751787353875,3,0,image
14,368.52119033409855,3,1,image
14,232.12702375099957,3,2,image
14,286.38769285964867,3,3,image
14,321.477566335814,3,4,image
14,362.1856853868399,3,5,image
15,406.11297368278775,0,0,image
15,403.242643140551,0,1,image
15,375.7538224328994,0,2,image
15,411.06317458238027,0,3,image
15,437.6846559081175,0,4,image
15,301.5198729039843,0,5,image
15,390.3962317732012,1,0,image
15,349.03147143810884,1,1,image
15,327.4700185207188,1,2,image
15,231.81567243747872,1,3,image
15,284.9518955487295,1,4,image
15,438.872411343807,1,5,image
15,252.54203510826676,2,0,image
15,232.7310231687904,2,1,image
15,264.14816392426485,2,2,image
15,249.7121006385148,2,3,image
15,293.18739336239025,2,4,image
15,362.81814564377504,2,5,image
15,290.6386641888338,3,0,image
15,327.683964259038,3,1,image
15,262.6076046694327,3,2,image
15,395.9777838417711,3,3,image
15,329.42163385214997,3,4,image
15,265.8785055669135,3,5,image
16,511.3932134884958,0,0,image
16,526.1772849108943,0,1,image
16,474.25072065214545,0,2,image
16,384.20805410472485,0,3,image
16,555.4363431575874,0,4,image
16,481.68402851308997,0,5,image
16,491.70061734983636,1,0,image
16,405.63324222590654,1,1,image
16,413.24670624506865,1,2,image
16,438.70055794629195,1,3,image
16,488.84798638355767,1,4,image
16,440.32740389012173,1,5,image
16,303.3362118550796,2,0,image
16,379.2773623209307,2,1,image
16,447.654612207302,2,2,image
16,369.46821660490525,2,3,image
16,372.64717867058783,2,4,image
16,303.0507153425727,2,5,image
16,329.0284480956217,3,0,image
16,367.2932955411016,3,1,image
16,382.8520201508275,3,2,image
16,404.3809392322777,3,3,image
16,407.47575120547253,3,4,image
16,479.2732850326101,3,5,image
17,468.537954591709,0,0,image
17,518.8247170897589,0,1,image
17,463.6371159369678,0,2,image
17,538.0487632505016,0,3,image
17,372.0837087318535,0,4,image
17,435.6669943352921,0,5,image
17,481.7552524821756,1,0,image
17,424.0237824063778,1,1,image
17,479.18006333861183,1,2,image
17,451.8568878080771,1,3,image
17,479.89743185486526,1,4,image
17,463.2569690706557,1,5,image
17,399.2860293599011,2,0,image
17,440.22635202679106,2,1,image
17,414.92728360426054,2,2,image
17,415.293918026034,2,3,image
17,366.6245206084924,2,4,image
17,336.51107217836994,2,5,image
17,365.6255782555987,3,0,image
17,436.15081252869754,3,1,image
17,276.68055446696235,3,2,image
17,333.2446732539993,3,3,image
17,350.44089837527406,3,4,image
17,386.2225137345327,3,5,image
18,298.54971509594964,0,0,image
18,493.0576820658329,0,1,image
18,460.130378752846,0,2,image
18,529.3507368592947,0,3,image
18,483.2323403825054,0,4,image
18,481.6405834939677,0,5,image
18,509.6554184879097,1,0,image
18,368.5737125934948,1,1,image
18,321.9486969738966,1,2,image
18,385.5037471117293,1,3,image
18,355.87201424400826,1,4,image
18,384.279348885144,1,5,image
18,277.6106674234618,2,0,image
18,358.51562030906615,2,1,image
18,355.7707594163025,2,2,image
18,328.7754874079527,2,3,image
18,345.7006921055103,2,4,image
18,323.01908057990715,2,5,image
18,400.7233003497304,3,0,image
18,366.6036544106341,3,1,image
18,349.84933569157766,3,2,image
18,409.60084043350184,3,3,image
18,426.1626803977044,3,4,image
18,429.99430821842697,3,5,image
19,362.0718575092716,0,0,image
19,384.8632315731608,0,1,image
19,326.5107872378611,0,2,image
19,399.6573410650654,0,3,image
19,432.39178269912696,0,4,image
19,404.9455332496469,0,5,image
19,475.12813532766074,1,0,image
19,358.29342321967783,1,1,image
19,324.1601642007992,1,2,image
19,407.0108023086394,1,3,image
19,386.0822834001537,1,4,image
19,406.06772176526493,1,5,image
19,326.77498851455516,2,0,image
19,323.7738800017894,2,1,image
19,205.4706478231161,2,2,image
19,275.2798905993784,2,3,image
19,282.06934607760246,2,4,image
19,294.1873750784994,2,5,image
19,322.1660100521986,3,0,image
19,365.22653005963025,3,1,image
19,374.62971740984665,3,2,image
19,288.00354563768803,3,3,image
19,378.92581231497957,3,4,image
19,373.8739989085992,3,5,image
20,445.4095605787981,0,0,image
20,351.2263328754038,0,1,image
20,444.15017229133724,0,2,image
20,426.2508282537008,0,3,image
20,470.16506103757945,0,4,image
20,511.3388970419524,0,5,image
20,468.52445155660035,1,0,image
20,394.7532658888837,1,1,image
20,389.02732269059874,1,2,image
20,420.7184714773539,1,3,image
20,333.36905960591525,1,4,image
20,316.58690019664726,1,5,image
20,298.4945276756373,2,0,image
20,383.1495029626136,2,1,image
20,305.56464236276366,2,2,image
20,397.250102567359,2,3,image
20,182.71541312263713,2,4,image
20,242.76073593750573,2,5,image
20,348.93662063410227,3,0,image
20,399.53078434393103,3,1,image
20,351.6399023408826,3,2,image
20,350.33842005222226,3,3,image
20,349.03398251403263,3,4,image
20,266.9761705568335,3,5,image
21,502.6254045665166,0,0,image
21,410.5837248526554,0,1,image
21,499.1985937052466,0,2,image
21,441.1957899464065,0,3,image
21,498.12998021097803,0,4,image
21,461.8848598934023,0,5,image
21,406.3882363166118,1,0,image
21,423.03504319795906,1,1,image
21,338.07308038894513,1,2,image
21,412.0234272030757,1,3,image
21,497.52397695013053,1,4,image
21,477.1316390439597,1,5,image
21,295.4707817096203,2,0,image
21,370.0062534114201,2,1,image
21,357.1209550819009,2,2,image
21,385.58137485039435,2,3,image
21,349.42960512063456,2,4,image
21,333.04676118801893,2,5,image
21,444.25349966255635,3,0,image
21,388.5417892581244,3,1,image
21,440.49517694183965,3,2,image
21,426.44127101174865,3,3,image
21,361.49759876857854,3,4,image
21,369.371947126666,3,5,image
22,468.41660564787935,0,0,image
22,381.49910021992383,0,1,image
22,333.993562779927,0,2,image
22,311.92282004867707,0,3,image
22,420.6316057108161,0,4,image
22,379.9396700027419,0,5,image
22,299.32038642147904,1,0,image
22,372.6542255097595,1,1,image
22,346.9124187007243,1,2,image
22,255.9012304097804,1,3,image
22,368.35926168346884,1,4,image
22,405.58451909008994,1,5,image
22,399.9174954795518,2,0,image
22,273.67011215102843,2,1,image
22,283.55746685845554,2,2,image
22,352.25482420966847,2,3,image
22,280.3610972947522,2,4,image
22,285.6920771019244,2,5,image
22,273.39406437639946,3,0,image
22,235.20622831226876,3,1,image
22,350.559380738921,3,2,image
22,241.24647210731604,3,3,image
22,361.9577960953014,3,4,image
22,265.51670600354527,3,5,image
23,448.53656926337806,0,0,image
23,416.66128477554884,0,1,image
23,494.00488324133016,0,2,image
23,450.3171914537922,0,3,image
23,533.2296389688203,0,4,image
23,381.090987375484,0,5,image
23,422.96802542025097,1,0,image
23,404.64196538881976,1,1,image
23,416.2720499063093,1,2,image
23,482.07092992398555,1,3,image
23,431.54077284807744,1,4,image
23,344.8986009096028,1,5,image
23,361.9504122604546,2,0,image
23,314.4939025356756,2,1,image
23,311.6071228399236,2,2,image
23,387.5677377451316,2,3,image
23,305.15787219215173,2,4,image
23,316.28835496445635,2,5,image
23,369.8952340636567,3,0,image
23,415.58416618073255,3,1,image
23,397.3543614865226,3,2,image
23,356.55412574756957,3,3,image
23,354.6660480590935,3,4,image
23,310.2683882667867,3,5,image
24,324.39182553789647,0,0,image
24,329.664525676505,0,1,image
24,354.9190328801573,0,2,image
24,461.7217318259877,0,3,image
24,328.61010827820803,0,4,image
24,347.5921265722477,0,5,image
24,226.76365971869933,1,0,image
24,359.412134683055,1,1,image
24,250.51114027617933,1,2,image
24,284.05410385931174,1,3,image
24,381.50034838957924,1,4,image
24,224.1371584885815,1,5,image
24,267.1796005872916,2,0,image
24,302.43006230078595,2,1,image
24,338.6557917895435,2,2,image
24,216.37892454304892,2,3,image
24,231.18233745553636,2,4,image
24,352.6053961376597,2,5,image
24,294.1305727384497,3,0,image
24,258.570383254046,3,1,image
24,259.5092881021683,3,2,image
24,246.75576378915633,3,3,image
24,273.39996969622996,3,4,image
24,349.7946037899968,3,5,image
25,425.25575835507084,0,0,image
25,322.15393978513043,0,1,image
25,391.59675866160944,0,2,image
25,360.7594681727718,0,3,image
25,419.98947513161977,0,4,image
25,373.0494685649327,0,5,image
25,366.44368901638603,1,0,image
25,339.9371945784727,1,1,image
25,238.51315839448654,1,2,image
25,350.2175771948299,1,3,image
25,284.2801074498933,1,4,image
25,385.22387551023974,1,5,image
25,246.87606030640828,2,0,image
25,250.6168221227482,2,1,image
25,280.42231367578256,2,2,image
25,309.7571526376167,2,3,image
25,272.38026403644125,2,4,image
25,362.9765935286487,2,5,image
25,396.30834800068806,3,0,image
25,399.64088453489717,3,1,image
25,302.1515186984593,3,2,image
25,239.76953212125494,3,3,image
25,374.8713806383116,3,4,image
25,293.05019066140886,3,5,image
26,429.1214714741094,0,0,image
26,458.6291610167675,0,1,image
26,346.9913358483764,0,2,image
26,508.6692161406339,0,3,image
26,470.9612723291744,0,4,image
26,444.82673497758265,0,5,image
26,438.7589933979436,1,0,image
26,422.0607828403764,1,1,image
26,400.0545616524629,1,2,image
26,378.82443976678104,1,3,image
26,357.2560421562199,1,4,image
26,408.5738699191774,1,5,image
26,345.2733088625928,2,0,image
26,381.373096008419,2,1,image
26,337.24615630996885,2,2,image
26,284.553080084981,2,3,image
26,248.40151350417625,2,4,image
26,320.8350477735125,2,5,image
26,358.8402370395305,3,0,image
26,355.30857673432905,3,1,image
26,283.68751100622785,3,2,image
26,413.93641290078443,3,3,image
26,413.84464318569815,3,4,image
26,319.0488976432845,3,5,image
27,397.43868457432865,0,0,image
27,404.7811220838038,0,1,image
27,359.0619328256056,0,2,image
27,309.7146476835171,0,3,image
27,437.8086557562721,0,4,image
27,376.18565068183227,0,5,image
27,311.5877062326188,1,0,image
27,362.78184877686635,1,1,image
27,405.2500033857285,1,2,image
27,299.28157165877764,1,3,image
27,358.71070625606035,1,4,image
27,421.29758752945634,1,5,image
27,201.31133728144695,2,0,image
27,229.6768995568178,2,1,image
27,227.2468249636107,2,2,image
27,249.22322214075993,2,3,image
27,246.6408921990112,2,4,image
27,272.17935096157345,2,5,image
27,249.12080298648408,3,0,image
27,259.0064045491763,3,1,image
27,305.20410319234975,3,2,image
27,297.88517197990643,3,3,image
27,333.8435694512309,3,4,image
27,310.60733023950297,3,5,image
28,434.39027017237817,0,0,image
28,338.650336417265,0,1,image
28,376.62712283855086,0,2,image
28,488.2169359385123,0,3,image
28,415.40184072192346,0,4,image
28,433.16758647165585,0,5,image
28,376.43467525247974,1,0,image
28,384.0647312407793,1,1,image
28,351.25273581793135,1,2,image
28,541.3768992956556,1,3,image
28,342.9901422738551,1,4,image
28,360.8818775071824,1,5,image
28,174.55612212157757,2,0,image
28,351.1112712740761,2,1,image
28,268.18529091009367,2,2,image
28,292.75823309375795,2,3,image
28,269.39591085024847,2,4,image
28,288.86379113059775,2,5,image
28,314.58558347330853,3,0,image
28,326.6458496053076,3,1,image
28,326.15786426164766,3,2,image
28,321.0876728200459,3,3,image
28,320.40407706702604,3,4,image
28,394.22386101064086,3,5,image
29,418.21819911217233,0,0,image
29,418.5194690465389,0,1,image
29,337.5249090686206,0,2,image
29,436.9883947166276,0,3,image
29,430.7295785840038,0,4,image
29,346.47713668413115,0,5,image
29,417.3399539841996,1,0,image
29,306.98605597421994,1,1,image
29,249.04576120395558,1,2,image
29,396.22365243186806,1,3,image
29,335.1714141027056,1,4,image
29,389.99343135295857,1,5,image
29,236.43724498799983,2,0,image
29,211.05885253685727,2,1,image
29,335.7409425554079,2,2,image
29,203.78392495442108,2,3,image
29,196.09582755234123,2,4,image
29,177.8680085859918,2,5,image
29,167.42373820883049,3,0,image
29,255.1921339609899,3,1,image
29,198.67695520360758,3,2,image
29,305.3670788937179,3,3,image
29,195.32648560797705,3,4,image
29,252.43368216540992,3,5,image
30,508.93451869456493,0,0,image
30,409.5876309146857,0,1,image
30,394.9717026544684,0,2,image
30,311.29381986808926,0,3,image
30,380.0515355866435,0,4,image
30,394.73684704091295,0,5,image
30,279.0723790947292,1,0,image
30,365.64045292811306,1,1,image
30,418.89304173733706,1,2,image
30,341.91851294211307,1,3,image
30,349.46960046386783,1,4,image
30,257.22659810931094,1,5,image
30,222.36972545360277,2,0,image
30,345.2161739554929,2,1,image
30,259.2538865550568,2,2,image
30,245.84583716196127,2,3,image
30,257.70226308551423,2,4,image
30,289.4581125340406,2,5,image
30,267.41062334079254,3,0,image
30,331.65724418259384,3,1,image
30,257.33103502792915,3,2,image
30,364.03141898787135,3,3,image
30,272.478630017102,3,4,image
30,391.34483483068715,3,5,image
31,315.5406941983091,0,0,image
31,273.7601054164168,0,1,image
31,361.6153573152941,0,2,image
31,247.31748288102267,0,3,image
31,288.68904458530784,0,4,image
31,316.0385505056475,0,5,image
31,276.98398667176787,1,0,image
31,182.613053417647,1,1,image
31,237.00999970550998,1,2,image
31,291.4540439573499,1,3,image
31,217.0477488681828,1,4,image
31,346.3637917694706,1,5,image
31,240.80137127547758,2,0,image
31,190.33030730062472,2,1,image
31,205.02770357117507,2,2,image
31,309.12053302776917,2,3,image
31,262.8417493799941,2,4,image
31,235.05328407948684,2,5,image
31,178.26638831446445,3,0,image
31,330.5228927684762,3,1,image
31,301.66238027987714,3,2,image
31,241.6220574581847,3,3,image
31,221.55742337573903,3,4,image
31,239.64712989733962,3,5,image
32,286.75717282135594,0,0,image
32,323.3147289793376,0,1,image
32,385.0120325724304,0,2,image
32,256.472943002576,0,3,image
32,331.15028815259086,0,4,image
32,352.5418055086965,0,5,image
32,319.03240873087105,1,0,image
32,254.90715916303333,1,1,image
32,254.74636229835158,1,2,image
32,368.3122759876238,1,3,image
32,252.62755222389006,1,4,image
32,364.28655468012647,1,5,image
32,222.73574110928,2,0,image
32,300.84382437975137,2,1,image
32,225.80008159445387,2,2,image
32,188.53044083388932,2,3,image
32,289.6817496843777,2,4,image
32,245.98444575319473,2,5,image
32,352.2828361309272,3,0,image
32,324.4640111215965,3,1,image
32,268.3826754175148,3,2,image
32,257.3706267815559,3,3,image
32,281.02262402906706,3,4,image
32,289.3645077576641,3,5,image
33,334.91625662547204,0,0,image
33,421.1006616132913,0,1,image
33,359.13550837154264,0,2,image
33,357.85229570439685,0,3,image
33,351.96926609343734,0,4,image
33,390.5545463292311,0,5,image
33,311.4010528760197,1,0,image
33,352.7521884615772,1,1,image
33,484.33383651715604,1,2,image
33,343.3232099584954,1,3,image
33,324.3034460471301,1,4,image
33,262.61922155466743,1,5,image
33,281.514779200266,2,0,image
33,223.54213579958218,2,1,image
33,260.2257770134839,2,2,image
33,286.58406264441965,2,3,image
33,192.4542104709549,2,4,image
33,286.87682058198544,2,5,image
33,327.22944173336475,3,0,image
33,247.14868197872994,3,1,image
33,292.38822335560815,3,2,image
33,220.47036485317227,3,3,image
33,390.7787297541828,3,4,image
33,328.53184678950475,3,5,image
34,418.84444790380235,0,0,image
34,419.65208141994935,0,1,image
34,484.3960533560459,0,2,image
34,423.11559535672694,0,3,image
34,444.3647115165451,0,4,image
34,503.7553509710322,0,5,image
34,377.51551555264757,1,0,image
34,340.1921067274209,1,1,image
34,353.59884421507644,1,2,image
34,466.2570646747224,1,3,image
34,399.39528837846035,1,4,image
34,369.70730853927375,1,5,image
34,376.50609194271544,2,0,image
34,377.7217422366155,2,1,image
34,304.0414845574355,2,2,image
34,279.227031098485,2,3,image
34,249.297442899697,2,4,image
34,238.12942690644564,2,5,image
34,347.57455036045764,3,0,image
34,316.16407560091784,3,1,image
34,453.74759344306676,3,2,image
34,363.7507606875087,3,3,image
34,263.71639579019944,3,4,image
34,431.7603367282606,3,5,image
35,402.87644498717333,0,0,image
35,430.03990353494885,0,1,image
35,428.89266835796406,0,2,image
35,409.6187578806205,0,3,image
35,420.95806103802073,0,4,image
35,406.72896310277883,0,5,image
35,306.4716342180217,1,0,image
35,380.12753942341726,1,1,image
35,412.98620476592055,1,2,image
35,351.28810888400267,1,3,image
35,389.3560404197813,1,4,image
35,382.77038677619663,1,5,image
35,385.5735327122489,2,0,image
35,282.1534144813055,2,1,image
35,280.1907213777815,2,2,image
35,288.9443425089561,2,3,image
35,289.67137576110906,2,4,image
35,181.16004396857846,2,5,image
35,295.66043744296496,3,0,image
35,342.7851828435822,3,1,image
35,327.3781037829009,3,2,image
35,287.82397180643693,3,3,image
35,294.5519669075245,3,4,image
35,310.0102731014456,3,5,image
36,360.0067884367833,0,0,image
36,374.4328469547343,0,1,image
36,373.1158715029776,0,2,image
36,444.8539198072632,0,3,image
36,450.90494090395816,0,4,image
36,446.764632196638,0,5,image
36,388.4204674356653,1,0,image
36,331.6692532562269,1,1,image
36,415.0768999765909,1,2,image
36,351.37284815093284,1,3,image
36,368.23798788987784,1,4,image
36,433.9964040734338,1,5,image
36,304.28502028348635,2,0,image
36,312.4495789887853,2,1,image
36,229.44640317707487,2,2,image
36,324.43584216524704,2,3,image
36,251.0850451117803,2,4,image
36,350.6823602952994,2,5,image
36,323.8554186182618,3,0,image
36,221.2769353760488,3,1,image
36,315.1843723487372,3,2,image
36,321.6836505626085,3,3,image
36,357.35913878080896,3,4,image
36,366.6109970092627,3,5,image
37,404.25846909700914,0,0,image
37,471.2900910757623,0,1,image
37,262.29391490042326,0,2,image
37,384.9472314318071,0,3,image
37,365.0284677912092,0,4,image
37,357.9375058038225,0,5,image
37,435.6319999004441,1,0,image
37,429.105201284311,1,1,image
37,348.85818031255747,1,2,image
37,446.5495315310666,1,3,image
37,392.72002595568944,1,4,image
37,366.5624762943109,1,5,image
37,286.0005415144467,2,0,image
37,281.73309500991394,2,1,image
37,344.28542420554527,2,2,image
37,353.15442638141866,2,3,image
37,332.57174194246403,2,4,image
37,218.13579746391372,2,5,image
37,368.46461413571376,3,0,image
37,381.91650953500886,3,1,image
37,320.1864010598461,3,2,image
37,355.8092084779862,3,3,image
37,260.4524663680312,3,4,image
37,292.1482282490799,3,5,image
38,357.4021422977021,0,0,image
38,358.1263525089231,0,1,image
38,391.1978782972085,0,2,image
38,314.2676403832579,0,3,image
38,356.5536064786948,0,4,image
38,349.124920689058,0,5,image
38,367.01443340868883,1,0,image
38,411.666048128145,1,1,image
38,426.6599257002322,1,2,image
38,262.19190736816057,1,3,image
38,338.2132001222056,1,4,image
38,284.98744419749016,1,5,image
38,270.37666213541644,2,0,image
38,294.75987369052586,2,1,image
38,277.688454644899,2,2,image
38,271.1633247700054,2,3,image
38,347.7658684479935,2,4,image
38,309.66337929492386,2,5,image
38,292.98118663283924,3,0,image
38,307.8244777544931,3,1,image
38,350.15880004919836,3,2,image
38,337.1034350116924,3,3,image
38,285.36010452468736,3,4,image
38,217.85176765454997,3,5,image
39,349.2759450755842,0,0,image
39,415.80778096489445,0,1,image
39,319.1824770802684,0,2,image
39,400.8890948133973,0,3,image
39,385.8303609048423,0,4,image
39,458.47145986657887,0,5,image
39,309.6066285404459,1,0,image
39,278.92037076916927,1,1,image
39,354.5267826337133,1,2,image
39,407.2469762938948,1,3,image
39,429.0047496605863,1,4,image
39,330.04246888622157,1,5,image
39,332.022007094028,2,0,image
39,252.93729732610097,2,1,image
39,271.0674464357461,2,2,image
39,336.8885560156069,2,3,image
39,344.4163468418109,2,4,image
39,258.53978225054277,2,5,image
39,365.2537358610679,3,0,image
39,248.08382905169123,3,1,image
39,331.375874355941,3,2,image
39,284.7964184003016,3,3,image
39,301.1238527043611,3,4,image
39,277.7049521070012,3,5,image
40,403.52032422498075,0,0,image
40,403.5327279796249,0,1,image
40,341.27898219139263,0,2,image
40,394.61811978021143,0,3,image
40,388.90263211480027,0,4,image
40,369.4164167413594,0,5,image
40,450.7475144372104,1,0,image
40,300.7950736010385,1,1,image
40,343.5542589936884,1,2,image
40,323.7196529932536,1,3,image
40,324.25000372651044,1,4,image
40,350.80960466260547,1,5,image
40,261.1192194485493,2,0,image
40,232.81766645341963,2,1,image
40,282.0503793560181,2,2,image
40,334.95558679573077,2,3,image
40,322.9773234569565,2,4,image
40,285.99122887846704,2,5,image
40,272.0691637680851,3,0,image
40,318.160484478005,3,1,image
40,363.07115562532846,3,2,image
40,368.3984675743809,3,3,image
40,326.82335743635133,3,4,image
40,290.6211444497206,3,5,image
41,338.0322777047382,0,0,image
41,386.77221154330704,0,1,image
41,382.4872259199443,0,2,image
41,260.2849345694826,0,3,image
41,381.10079341599567,0,4,image
41,383.73433217785816,0,5,image
41,270.8103439261181,1,0,image
41,276.9208593651977,1,1,image
41,277.3117102705,1,2,image
41,281.1567750502394,1,3,image
41,244.33243581667006,1,4,image
41,330.82451165397913,1,5,image
41,208.88394523800625,2,0,image
41,244.6507233718173,2,1,image
41,223.291476023932,2,2,image
41,260.9287912462163,2,3,image
41,197.63906337278425,2,4,image
41,260.4331839212051,2,5,image
41,300.6589659735664,3,0,image
41,322.5496444363132,3,1,image
41,379.55836964591464,3,2,image
41,176.56482666367089,3,3,image
41,297.1856318950386,3,4,image
41,245.7117730960448,3,5,image
42,292.020072541789,0,0,image
42,430.35453735267976,0,1,image
42,454.8830003820923,0,2,image
42,368.69162066238414,0,3,image
42,398.8188209984475,0,4,image
42,385.06916917918915,0,5,image
42,376.9828895920068,1,0,image
42,399.29979363352686,1,1,image
42,372.51987297201686,1,2,image
42,372.56150266035496,1,3,image
42,418.2598333309287,1,4,image
42,347.03989507851605,1,5,image
42,334.4262347522945,2,0,image
42,247.17298507777105,2,1,image
42,368.6272535231821,2,2,image
42,325.1642758059923,2,3,image
42,268.085029492774,2,4,image
42,182.54559883286367,2,5,image
42,321.2574703307895,3,0,image
42,262.18253574880947,3,1,image
42,336.2547363463343,3,2,image
42,393.83144732737077,3,3,image
42,329.2759958271714,3,4,image
42,312.3723754711208,3,5,image
43,434.32444607194464,0,0,image
43,431.4966856776455,0,1,image
43,299.07097044953935,0,2,image
43,429.2610190756774,0,3,image
43,448.22804367803656,0,4,image
43,404.24709415751636,0,5,image
43,433.1421297791772,1,0,image
43,377.8304471430019,1,1,image
43,422.5641139961722,1,2,image
43,497.86943122525946,1,3,image
43,379.3946194208281,1,4,image
43,287.1075675762394,1,5,image
43,300.3845896683713,2,0,image
43,230.9196756326482,2,1,image
43,347.77606719417156,2,2,image
43,382.68172457380626,2,3,image
43,352.00815895802873,2,4,image
43,333.2295865094652,2,5,image
43,317.96790299591385,3,0,image
43,428.9966631704756,3,1,image
43,387.87798647211764,3,2,image
43,364.4376537086292,3,3,image
43,360.4571918244802,3,4,image
43,355.795543804652,3,5,image
44,432.7684927279646,0,0,image
44,379.49131257691386,0,1,image
44,486.4201682301651,0,2,image
44,417.7746591736912,0,3,image
44,440.1603940536191,0,4,image
44,388.4793076465227,0,5,image
44,395.9035982086654,1,0,image
44,263.07005021467006,1,1,image
44,321.2427276070861,1,2,image
44,375.58701387067094,1,3,image
44,311.0340160271607,1,4,image
44,499.12837472325236,1,5,image
44,226.75360583452462,2,0,image
44,327.4527089817909,2,1,image
44,392.9463292037025,2,2,image
44,334.2220245005983,2,3,image
44,294.6462938609253,2,4,image
44,282.5504673383548,2,5,image
44,376.82044596862625,3,0,image
44,303.1441374778667,3,1,image
44,337.18336603955635,3,2,image
44,377.71760181589804,3,3,image
44,327.763720201179,3,4,image
44,347.5331720394297,3,5,image
45,384.4407705381849,0,0,image
45,351.1552049902921,0,1,image
45,459.1026094017426,0,2,image
45,469.298397194785,0,3,image
45,383.81008747046764,0,4,image
45,386.3662772317063,0,5,image
45,357.7501182166418,1,0,image
45,393.58524884692446,1,1,image
45,321.3800719035589,1,2,image
45,362.2188198880059,1,3,image
45,379.7930379240927,1,4,image
45,398.74719263499776,1,5,image
45,160.60322142156443,2,0,image
45,319.815245644061,2,1,image
45,316.9374232615896,2,2,image
45,350.0314970006171,2,3,image
45,273.3318844046006,2,4,image
45,273.72742490218207,2,5,image
45,392.7709144991206,3,0,image
45,254.48724985817495,3,1,image
45,414.0995997347054,3,2,image
45,460.4398081270267,3,3,image
45,356.5176694008797,3,4,image
45,373.35000884446606,3,5,image
46,397.2918726231646,0,0,image
46,437.0429686432531,0,1,image
46,524.6640853367369,0,2,image
46,489.86172532724345,0,3,image
46,462.6995848267932,0,4,image
46,483.414414595109,0,5,image
46,464.1197821941451,1,0,image
46,424.1161729237801,1,1,image
46,437.32366072929483,1,2,image
46,436.95558923818504,1,3,image
46,386.15700890758484,1,4,image
46,454.9506893760868,1,5,image
46,461.9502537087863,2,0,image
46,458.3690644874414,2,1,image
46,297.95099318554384,2,2,image
46,400.30251897196865,2,3,image
46,405.5461470234204,2,4,image
46,351.2454348369497,2,5,image
46,356.560956242512,3,0,image
46,338.73024226954936,3,1,image
46,382.5357690356302,3,2,image
46,422.2714148084924,3,3,image
46,396.86804918976895,3,4,image
46,374.22430356497387,3,5,image
47,349.9295332417184,0,0,image
47,429.92317772867824,0,1,image
47,465.71448715773613,0,2,image
47,366.0412662075388,0,3,image
47,434.80881301669956,0,4,image
47,318.41360261374336,0,5,image
47,346.5140593622013,1,0,image
47,415.86757078505144,1,1,image
47,323.49900433978235,1,2,image
47,349.16552856864183,1,3,image
47,450.28570623109835,1,4,image
47,342.74516579663623,1,5,image
47,269.6901238478001,2,0,image
47,341.17978290579697,2,1,image
47,410.12404296702806,2,2,image
47,300.4038674445574,2,3,image
47,350.82415782519337,2,4,image
47,379.6758238150137,2,5,image
47,361.66497295329197,3,0,image
47,331.89146975001034,3,1,image
47,301.5710278779891,3,2,image
47,274.1268167632102,3,3,image
47,400.9724520644537,3,4,image
47,354.43522209635773,3,5,image
48,496.00212729926704,0,0,image
48,478.8083459956056,0,1,image
48,398.5135541767396,0,2,image
48,370.01774518310265,0,3,image
48,449.99555932496617,0,4,image
48,397.73673596105954,0,5,image
48,415.19653722815644,1,0,image
48,359.80448329505,1,1,image
48,353.3008175182567,1,2,image
48,389.3125397010847,1,3,image
48,443.06711119851957,1,4,image
48,411.68907494379926,1,5,image
48,388.2808376117095,2,0,image
48,267.683995025359,2,1,image
48,276.50822310150545,2,2,image
48,324.90389522010463,2,3,image
48,437.6471493427738,2,4,image
48,363.076385856239,2,5,image
48,309.03144307588394,3,0,image
48,358.555057530235,3,1,image
48,373.3978197181833,3,2,image
48,333.92779290006996,3,3,image
48,393.02582973094565,3,4,image
48,354.5397732698801,3,5,image
49,452.1777642444551,0,0,image
49,530.1571395145626,0,1,image
49,381.66125504692434,0,2,image
49,419.05403306570395,0,3,image
49,426.27885108289956,0,4,image
49,424.7602466550037,0,5,image
49,397.7066478903698,1,0,image
49,458.56809804947966,1,1,image
49,488.9709415754559,1,2,image
49,479.946363187733,1,3,image
49,383.1661938284882,1,4,image
49,428.77340522644494,1,5,image
49,389.7575608286798,2,0,image
49,379.14444776921073,2,1,image
49,432.43167013040033,2,2,image
49,333.3775883777381,2,3,image
49,374.96027120997974,2,4,image
49,347.48276440963417,2,5,image
49,412.6980511094148,3,0,image
49,346.1994545204538,3,1,image
49,353.69741410705984,3,2,image
49,363.6387571655143,3,3,image
49,371.96083459718625,3,4,image
49,477.5404634365768,3,5,image
